0,DELL GIT HUB,*,*,http://git.dell.com.,premier.aiml
0,ACCESS GIT HUB,*,*,Contact Jud_White@Dell.com to add you to GithubDevelopers.,premier.aiml
0,HOW TO GET ACCESS FOR GIT HUB,*,*,<srai>ACCESS GIT HUB</srai>,premier.aiml
0,HOW TO GET ACCESS TO GIT HUB,*,*,<srai>ACCESS GIT HUB</srai>,premier.aiml
0,WHO WILL GIVE GIT HUB ACCESS,*,*,<srai>ACCESS GIT HUB</srai>,premier.aiml
0,SOURCE CODE,*,*,Download a Windows Git Client#Comma such as SourceTree: https://www.sourcetreeapp.com/download,premier.aiml
0,HOW TO SETUP SOURCE CODE,*,*,<srai>SOURCE CODE</srai>,premier.aiml
0,WHERE IS SOURCE CODE,*,*,<srai>SOURCE CODE</srai>,premier.aiml
